Species,Functional group,Duration,Lifeform,Pathway,Family
Acer negundo,W,Perennial,Woody,C3,Aceraceae
Acer rubrum,W,Perennial,Woody,C3,Aceraceae
Acer sp.,W,Perennial,Woody,C3,Aceraceae
Achillea millefolium(lanulosa),F,Perennial,Non-legume forb,C3,Asteraceae
Achillea sp.,F,Perennial,Non-legume forb,C3,Asteraceae
Agastache foeniculum,F,Perennial,Non-legume forb,C3,Lamiaceae
Agrimonia sp.,F,Perennial,Non-legume forb,,Rosaceae
Agropyron repens,C3,Perennial,Grass,C3,Poaceae
Agropyron smithii,C3,Perennial,Grass,C3,Poaceae
Agrostis alba,C3,Perennial,Grass,C3,Poaceae
Agrostis scabra,C3,Perennial,Grass,C3,Poaceae
Agrostis sp.,C3,Perennial,Grass,C3,Poaceae
Allium cernuum,F,Perennial,Non-legume forb,C3,Lilliaceae
Allium sp.,F,Perennial,Non-legume forb,C3,Lilliaceae
Allium stellatum,F,Perennial,Non-legume forb,C3,Lilliaceae
Alnus incana,W,Perennial,Woody,C3,Betulaceae
Alnus rugosa,W,Perennial,Woody,C3,Betulaceae
Amaranthus retroflexus,F,Annual,Non-legume forb,C4,Amaranthaceae
Ambrosia artemisiifolia elatior,F,Annual,Non-legume forb,C3,Asteraceae
Ambrosia coronopifolia,F,Perennial,Non-legume forb,C3,Asteraceae
Amelanchier alnifolia,W,Perennial,Woody,,Rosaceae
Amelanchier arborea,W,Perennial,Woody,,Rosaceae
Amelanchier humilis,W,Perennial,Woody,,Rosaceae
Amelanchier intermedia,W,Perennial,Woody,,Rosaceae
Amelanchier laevis,W,Perennial,Woody,,Rosaceae
Amelanchier sanguinea,W,Perennial,Woody,,Rosaceae
Amelanchier sp.,W,Perennial,Woody,C3,Rosaceae
Amorpha canescens,L,Perennial,Legume,C3,Fabaceae
Amphicarpa bracteata,L,Annual,Legume,C3,Fabaceae
Andropogon gerardi,C4,Perennial,Grass,C4,Poaceae
Anemone cylindrica,F,Perennial,Non-legume forb,C3,Ranunculaceae
Anemone patens,F,Perennial,Non-legume forb,C3,Ranunculaceae
Anemone quinquefolia,F,Perennial,Non-legume forb,C3,Ranunculaceae
Anemone virginiana,F,Perennial,Non-legume forb,C3,Ranunculaceae
Annuals,Unknown,Annual,Unknown,Unknown,Unknown
Antennaria fallax,F,Perennial,Non-legume forb,C3,Asteraceae
Antennaria neglecta,F,Perennial,Non-legume forb,C3,Asteraceae
Antennaria plantaginifolia,F,Perennial,Non-legume forb,C3,Asteraceae
Antennaria sp.,F,Perennial,Non-legume forb,C3,Asteraceae
Apocynum androsaemifolium,F,Perennial,Non-legume forb,C3,Apocynaceae
Apocynum cannabinum,F,Perennial,Non-legume forb,C3,Apocynaceae
Apocynum sibiricum,F,Perennial,Non-legume forb,,Apocynaceae
Apocynum sp.,F,Perennial,Non-legume forb,C3,Apocynaceae
Aquilegia canadensis,F,Perennial,Non-legume forb,C3,Ranunculaceae
Arabis divaricarpa,F,Biennial,Non-legume forb,C3,Brassicaceae
Arabis glabra,F,Biennial,Non-legume forb,C3,Brassicaceae
Arabis hirsuta,F,Biennial,Non-legume forb,C3,Brassicaceae
Arabis sp.,F,Biennial,Non-legume forb,C3,Brassicaceae
Aralia nudicaulis,F,Perennial,Non-legume forb,C3,Araliaceae
Arenaria lateriflora,F,Perennial,Non-legume forb,C3,Caryophyllaceae
Aristida basiramea,C4,Annual,Grass,C4,Poaceae
Aristida sp.,C4,Annual,Grass,C4,Poaceae
Aristida tuberculosa,C4,Annual,Grass,C4,Poaceae
Aronia melanocarpa,W,Perennial,Woody,C3,Rosaceae
Artemisia (caudata) campestris,F,Biennial,Non-legume forb,C3,Asteraceae
Artemisia ludoviciana,F,Perennial,Non-legume forb,C3,Asteraceae
Artemisia sp.,F,Unknown,Non-legume forb,C3,Asteraceae
Asclepias exaltata,F,Perennial,Non-legume forb,,Asclepiadaceae
Asclepias incarnata,F,Perennial,Non-legume forb,C3,Asclepiaceae
Asclepias ovalifolia,F,Perennial,Non-legume forb,C3,Asclepiaceae
Asclepias sp.,F,Perennial,Non-legume forb,C3,Asclepiaceae
Asclepias syriaca,F,Perennial,Non-legume forb,C3,Asclepiaceae
Asclepias tuberosa,F,Perennial,Non-legume forb,C3,Asclepiaceae
Asclepias verticillata,F,Perennial,Non-legume forb,C3,Asclepiaceae
Asclepias viridiflora,F,Perennial,Non-legume forb,C3,Asclepiaceae
Asparagus officinalis,F,Perennial,Non-legume forb,C3,Lilliaceae
Aster azureus,F,Perennial,Non-legume forb,C3,Asteraceae
Aster ericoides,F,Perennial,Non-legume forb,C3,Asteraceae
Aster junciformis,F,Perennial,Non-legume forb,C3,Asteraceae
Aster lanceolatus (var. simplex),F,Perennial,Non-legume forb,,Asteraceae
Aster macrophyllus,F,Perennial,Non-legume forb,,Asteraceae
Aster novae-angliae,F,Perennial,Non-legume forb,C3,Asteraceae
Aster ptarmicoides,F,Perennial,Non-legume forb,C3,Asteraceae
Aster puniceus,F,Perennial,Non-legume forb,C3,Asteraceae
Aster simplex,F,Perennial,Non-legume forb,C3,Asteraceae
Aster sp.,F,Perennial,Non-legume forb,C3,Asteraceae
Aster umbellatus,F,Perennial,Non-legume forb,C3,Asteraceae
Astragalus canadensis,L,Perennial,Legume,C3,Fabaceae
Athyrium angustum,O,Perennial,Fern,C3,Aspleniaceae
Baptisia leucantha,L,Perennial,Legume,C3,Fabaceae
Barbarea vulgaris,F,Annual,Non-legume forb,C3,Brassicaceae
Bare ground,NA,NA,NA,NA,NA
Berteroa incana,F,Biennial,Non-legume forb,C3,Brassicaceae
Betula allegheniensis,W,Perennial,Woody,,Betulaceae
Betula papyrifera,W,Perennial,Woody,C3,Betulaceae
Betula pumila,W,Perennial,Woody,C3,Betulaceae
Bidens cernua,F,Annual,Non-legume forb,C3,Asteraceae
Bidens coronata,F,Biennial,Non-legume forb,C3,Asteraceae
Bidens sp.,F,Unknown,Non-legume forb,C3,Asteraceae
Bidens tripartita,F,Annual,Non-legume forb,C3,Asteraceae
Botrichium sp.,O,Perennial,Fern,C3,Ophioglossaceae
Bouteloua curtipendula,C4,Perennial,Grass,C4,Poaceae
Bouteloua gracilis,C4,Perennial,Grass,C4,Poaceae
Bouteloua hirsuta,C4,Perennial,Grass,C4,Poaceae
Bouteloua sp.,C4,Unknown,Grass,C4,Poaceae
Bromus ciliatus,C3,Perennial,Grass,C3,Poaceae
Bromus inermis,C3,Perennial,Grass,C3,Poaceae
Bromus kalmii,C3,Perennial,Grass,C3,Poaceae
Bromus sp.,C3,Perennial,Grass,C3,Poaceae
Bromus tectorum,C3,Perennial,Grass,C3,Poaceae
Buchloe dactyloides,C4,Perennial,Grass,C4,Poaceae
Calamagrostis canadensis,C3,Perennial,Grass,C3,Poaceae
Calamagrostis inexpansa,C3,Perennial,Grass,C3,Poaceae
Calamagrostis sp.,C3,Perennial,Grass,C3,Poaceae
Calamovilfa longifolia,C4,Perennial,Grass,C4,Poaceae
Calamovilfa sp.,C4,Perennial,Grass,C4,Poaceae
Caltha palustris,F,Perennial,Non-legume forb,C3,Ranunculaceae
Campanula aparinoides,F,Perennial,Non-legume forb,C3,Campanulaceae
Campanula rotundifolia,F,Perennial,Non-legume forb,C3,Campanulaceae
Campanula sp.,F,Unknown,Non-legume forb,C3,Campanulaceae
Canopy cover,NA,NA,NA,NA,NA
Capsella bursa-pastoris,F,Annual,Non-legume forb,C3,Brassicaceae
Carex bebbii,S,Perennial,Sedge,C3,Cyperaceae
Carex bicknelli,S,Perennial,Sedge,,Cyperaceae
Carex canescens,S,Perennial,Sedge,C3,Cyperaceae
Carex cephalantha,S,Perennial,Sedge,C3,Cyperaceae
Carex chordorrhiza,S,Perennial,Sedge,C3,Cyperaceae
Carex comosa,S,Perennial,Sedge,C3,Cyperaceae
Carex diandra,S,Perennial,Sedge,C3,Cyperaceae
Carex disperma,S,Perennial,Sedge,C3,Cyperaceae
Carex foenea,S,Perennial,Sedge,C3,Cyperaceae
Carex gracillima,S,Perennial,Sedge,C3,Cyperaceae
Carex haydenii,S,Perennial,Sedge,C3,Cyperaceae
Carex interior,S,Perennial,Sedge,C3,Cyperaceae
Carex lacustris,S,Perennial,Sedge,C3,Cyperaceae
Carex lanuginosa,S,Perennial,Sedge,C3,Cyperaceae
Carex lasiocarpa,S,Perennial,Sedge,C3,Cyperaceae
Carex muhlenbergii,S,Perennial,Sedge,C3,Cyperaceae
Carex oligosperma,S,Perennial,Sedge,C3,Cyperaceae
Carex pensylvanicus,S,Perennial,Sedge,C3,Cyperaceae
Carex rostrata,S,Perennial,Sedge,C3,Cyperaceae
Carex scoparia,S,Perennial,Sedge,C3,Cyperaceae
Carex sp.,S,Perennial,Sedge,C3,Cyperaceae
Carex stricta,S,Perennial,Sedge,C3,Cyperaceae
Cassia fasciculata,L,Perennial,Legume,C3,Fabaceae
Ceanothus americanus,W,Perennial,Woody,C3,Rhamnaceae
Celastrus scandens,W,Perennial,Woody,C3,Celastraceae
Cenchrus longispinus,C4,Annual,Grass,C4,Poaceae
Chamaedaphne calyculata,W,Perennial,Woody,C3,Ericaceae
Chenopodium album,F,Annual,Non-legume forb,C3,Chenopodiaceae
Chenopodium hybridum,F,Annual,Non-legume forb,Cx,Chenopodiaceae
Chenopodium leptophyllum,F,Annual,Non-legume forb,C3,Chenopodiaceae
Chenopodium sp.,F,Unknown,Non-legume forb,C3,Chenopodiaceae
Chrysopsis villosa,F,Perennial,Non-legume forb,C3,Asteraceae
Cicuta bulbifera,F,Perennial,Non-legume forb,C3,Apiaceae
Circaea lutetiana,F,Perennial,Non-legume forb,C3,Onagraceae
Circaea quadrisulcata,F,Perennial,Non-legume forb,,Onagraceae
Cirsium arvense,F,Perennial,Non-legume forb,C3,Asteraceae
Cirsium discolor,F,"Biennial, Perennial",Non-legume forb,C3,Asteraceae
Cirsium sp.,F,Perennial,Non-legume forb,C3,Asteraceae
Cladonia Lichens,O,Unknown,Moss & lichens,Unknown,Unknown
Comandra richardsiana,F,Perennial,Non-legume forb,C3,Santalaceae
Comandra umbellata,F,Perennial,Non-legume forb,,Santalaceae
Convolvulus arvensis,F,Perennial,Non-legume forb,C3,Convolvulaceae
Conyza canadensis,F,"Annual, biennial",Non-legume forb,,Asteraceae
Coreopsis palmata,F,Perennial,Non-legume forb,C3,Asteraceae
Corn litter,NA,NA,NA,NA,NA
Cornus alternifolia,W,Perennial,Woody,C3,Cornaceae
Cornus racemosa,W,Perennial,Woody,C3,Cornaceae
Cornus sp.,W,Perennial,Woody,C3,Cornaceae
Cornus stolonifera,W,Perennial,Woody,C3,Cornaceae
Corylus americanus,W,Perennial,Woody,C3,Betulaceae
Cotyledons,Unknown,Unknown,Unknown,Unknown,Unknown
Crepis tectorum,F,Annual,Non-legume forb,C3,Asteraceae
Cryptogams,O,Unknown,Moss & lichens,Unknown,Unknown
Cycloloma atriplicifolium,F,Annual,Non-legume forb,Cx,Chenopodiaceae
Cyperus filiculmis,S,Perennial,Sedge,C4,Cyperaceae
Cyperus schweinitzii,S,Perennial,Sedge,C4,Cyperaceae
Cyperus sp.,S,Perennial,Sedge,C4,Cyperaceae
Cyperus strigosus,S,Perennial,Sedge,C4,Cyperaceae
Danthonia spicata,C3,Perennial,Grass,C3,Poaceae
Delphinium virescens,F,Perennial,Non-legume forb,C3,Ranunculaceae
Desmodium canadense,L,Perennial,Legume,C3,Fabaceae
Desmodium glutinosum,L,Perennial,Legume,C3,Fabaceae
Digitaria ischaemum,C4,Annual,Grass,C4,Poaceae
Digitaria sanguinalis,C4,Annual,Grass,C4,Poaceae
Digitaria sp.,C4,Annual,Grass,C4,Poaceae
Disturbance,NA,NA,NA,NA,NA
Dryopteris cristata,O,Perennial,Fern,C3,Aspleniaceae
Dryopteris spinulosa,O,Perennial,Fern,C3,Dryopteridaceae
Dulichium arundinaceum,S,Perennial,Sedge,C3,Cyperaceae
Echinacea purpurea,F,Perennial,Non-legume forb,C3,Asteraceae
Eleocharis sp.,S,Unknown,Sedge,C3,Cyperaceae
Elymus canadensis,C3,Perennial,Grass,C3,Poaceae
Elymus trachycaulus,G,Perennial,Grass,,Poaceae
Epilobium angustifolium,F,Perennial,Non-legume forb,C3,Onagraceae
Epilobium ciliatum,F,Perennial,Non-legume forb,C3,Onagraceae
Epilobium glandulosum,F,Perennial,Non-legume forb,C3,Onagraceae
Epilobium leptophyllum,F,Perennial,Non-legume forb,C3,Onagraceae
Epilobium sp.,F,Unknown,Non-legume forb,C3,Onagraceae
Equisetum arvense,O,Perennial,Horsetail,C3,Equisetaceae
Equisetum hyemale,O,Perennial,Horsetail,C3,Equisetaceae
Equisetum laevigatum,O,Perennial,Horsetail,C3,Equisetaceae
Equisetum sp.,O,Perennial,Horsetail,C3,Equisetaceae
Eragrostis spectabilis,C4,Perennial,Grass,C4,Poaceae
Eragrostis trichodes,C4,Perennial,Grass,C4,Poaceae
Erechtites hieracifolia,F,Annual,Non-legume forb,C3,Asteraceae
Erigeron anuus,F,Annual,Non-legume forb,C3,Asteraceae
Erigeron canadensis,F,Annual,Non-legume forb,C3,Asteraceae
Erigeron sp.,F,Annual,Non-legume forb,C3,Asteraceae
Erigeron strigosus,F,Annual,Non-legume forb,C3,Asteraceae
Eupatorium maculatum,F,Perennial,Non-legume forb,C3,Asteraceae
Eupatorium perfoliatum,F,Perennial,Non-legume forb,C3,Asteraceae
Eupatorium rugosum,F,Perennial,Non-legume forb,,Asteraceae
Euphorbia (supina) maculata,F,Annual,Non-legume forb,C4,Euphorbiaceae
Euphorbia corollata,F,Perennial,Non-legume forb,C3,Euphorbiaceae
Euphorbia geyeri,F,Annual,Non-legume forb,C4,Euphorbiaceae
Euphorbia glyptosperma,F,Annual,Non-legume forb,C4,Euphorbiaceae
Euphorbia sp.,F,Annual,Non-legume forb,Cx,Euphorbiaceae
Euthamia graminifolia,F,Perennial,Non-legume forb,,Asteraceae
Festuca ovina,C3,Perennial,Grass,C3,Poaceae
Festuca rubra,C3,Perennial,Grass,C3,Poaceae
Festuca sp.,C3,Perennial,Grass,C3,Poaceae
Forb seedlings,F,Unknown,Forb,Unknown,Unknown
Forbs,F,Unknown,Non-legume forb,,Unknown
Fragaria sp.,F,Perennial,Non-legume forb,C3,Rosaceae
Fragaria vesca (americana),F,Perennial,Non-legume forb,C3,Rosaceae
Fragaria virginiana,F,Perennial,Non-legume forb,C3,Rosaceae
Fraxinus americana,W,Perennial,Woody,,Oleaceae
Fraxinus nigra,W,Perennial,Woody,C3,Oleaceae
Fraxinus pennsylvanica,W,Perennial,Woody,C3,Oleaceae
Fruits & seeds,Unknown,Unknown,Unknown,Unknown,Unknown
Fungi,O,Unknown,Fungi,NA,Unknown
Galium aparine,F,Annual,Non-legume forb,C3,Rubiaceae
Galium boreale,F,Perennial,Non-legume forb,C3,Rubiaceae
Galium sp.,F,Perennial,Non-legume forb,C3,Rubiaceae
Galium trifidum,F,Perennial,Non-legume forb,C3,Rubiaceae
Galium triflorum,F,Perennial,Non-legume forb,C3,Rubiaceae
Gentiana andrewsii,F,Perennial,Non-legume forb,C3,Gentianaceae
Geranium maculatum,F,Perennial,Non-legume forb,C3,Geraniaceae
Glechoma hederacea,F,Perennial,Non-legume forb,,Lamiaceae
Glyceria grandis,C3,Perennial,Grass,C3,Poaceae
Glyceria sp.,C3,Perennial,Grass,C3,Poaceae
Gnaphalium obtusifolium,F,Biennial,Non-legume forb,C3,Asteraceae
Gnaphalium sp.,F,Biennial,Non-legume forb,C3,Asteraceae
Gnaphalium uliginosum,F,Annual,Non-legume forb,,Asteraceae
Grass seedlings,G,Unknown,Grass,Unknown,Poaceae
Grasses,G,Unknown,Grass,Unknown,Poaceae
Green matter (alive),Unknown,Unknown,Unknown,Unknown,Unknown
Gymnocarpium dryopteris,O,Perennial,Fern,C3,Aspleniaceae
Habenaria lacera,F,Perennial,Non-legume forb,C3,Orchidaceae
Hackelia americana,F,"Annual, biennial, perennial",Non-legume forb,,Boraginaceae
Hedeoma hispida,F,Annual,Non-legume forb,C3,Lamiaceae
Helenium autumnale,F,Perennial,Non-legume forb,C3,Asteraceae
Helianthemum bicknellii,F,Perennial,Non-legume forb,C3,Cistaceae
Helianthus giganteus,F,Perennial,Non-legume forb,C3,Asteraceae
Helianthus hirsutus,F,Perennial,Non-legume forb,C3,Asteraceae
Helianthus laetiflorus,F,Perennial,Non-legume forb,C3,Asteraceae
Helianthus petiolaris,F,Annual,Non-legume forb,C3,Asteraceae
Helianthus sp.,F,Perennial,Non-legume forb,C3,Asteraceae
Heliopsis helianthoides,F,Perennial,Non-legume forb,C3,Asteraceae
Heuchera richardsonii,F,Perennial,Non-legume forb,C3,Saxifragaceae
Hieracium aurantiacum,F,Perennial,Non-legume forb,C3,Asteraceae
Hieracium kalmii,F,Perennial,Non-legume forb,C3,Asteraceae
Hieracium longipilum,F,Biennial,Non-legume forb,C3,Asteraceae
Hieracium sp.,F,Biennial,Non-legume forb,C3,Asteraceae
Hierochloe odorata,C3,Perennial,Grass,C3,Poaceae
Houstonia longifolia,F,Perennial,Non-legume forb,C3,Rubiaceae
Hypericum majus,F,Annual,Non-legume forb,C3,Clusiaceae
Hypoxis hirsuta,F,Perennial,Non-legume forb,C4,Lilliaceae
Ilex sp.,W,Perennial,Woody,C3,Aquifoliaceae
Ilex verticillata,W,Perennial,Woody,C3,Aquifoliaceae
Impatiens capensis,F,Annual,Non-legume forb,C3,Balsaminaceae
Introduced,Unknown,Unknown,Unknown,Unknown,Unknown
Iris versicolor,F,Perennial,Non-legume forb,C3,Iridaceae
Juncus sp.,S,Perennial,Sedge,C3,Cyperaceae
Juncus tenuis,S,Perennial,Sedge,C3,Cyperaceae
Juniperus communis,W,Perennial,Woody,C3,Cupressaceae
Juniperus sp.,W,Perennial,Woody,C3,Cupressaceae
Juniperus virginiana,W,Perennial,Woody,C3,Cupressaceae
Koeleria cristata,C3,Perennial,Grass,C3,Poaceae
Krigia biflora,F,Perennial,Non-legume forb,C3,Asteraceae
Lactuca biennis,F,Biennial,Non-legume forb,C3,Asteraceae
Lactuca canadensis,F,Biennial,Non-legume forb,C3,Asteraceae
Lactuca serriola (scariola),F,Biennial,Non-legume forb,C3,Asteraceae
Lactuca sp.,F,Biennial,Non-legume forb,C3,Asteraceae
Larix laricina,W,Perennial,Woody,C3,Pinaceae
Lathyrus ochroleucus,L,Perennial,Legume,C3,Fabaceae
Lathyrus venosus,L,Perennial,Legume,C3,Fabaceae
Leaves,Unknown,Unknown,Unknown,Unknown,Unknown
Lechea stricta,F,Perennial,Non-legume forb,C3,Cistaceae
Leersia oryzoides,C3,Perennial,Grass,C3,Poaceae
Lemna sp.,F,Annual,Non-legume forb,C3,Lemnaceae
Lepidium densiflorum,F,Annual,Non-legume forb,C3,Brassicaceae
Lepidium sp.,F,Unknown,Non-legume forb,C3,Brassicaceae
Lepidium virginicum,F,Annual,Non-legume forb,C3,Brassicaceae
Leptoloma cognatum,C4,Perennial,Grass,C4,Poaceae
Lespedeza capitata,L,Perennial,Legume,C3,Fabaceae
Liatris aspera,F,Perennial,Non-legume forb,C3,Asteraceae
Liatris ligulistylis,F,Perennial,Non-legume forb,C3,Asteraceae
Liatris pycnostachya,F,Perennial,Non-legume forb,C3,Asteraceae
Lichens,O,Unknown,Moss & lichens,Unknown,Unknown
Liliaceae unknown,F,Unknown,Non-legume forb,Unknown,Lilliaceae
Linaria vulgaris,F,Perennial,Non-legume forb,C3,Scrophulariaceae
Lithospermum canescens,F,Perennial,Non-legume forb,C3,Boraginaceae
Lithospermum caroliniense,F,Perennial,Non-legume forb,C3,Boraginaceae
Lithospermum sp.,F,Perennial,Non-legume forb,C3,Boraginaceae
Lobelia siphilitica,F,Perennial,Non-legume forb,C3,Campanulaceae
Lobelia spicata,F,Perennial,Non-legume forb,C3,Campanulaceae
Lolium multiflorum,C3,Annual,Grass,C3,Poaceae
Lonicera dioica,W,Perennial,Woody,C3,Caprifoliaceae
Lonicera tatarica,W,Perennial,Woody,C3,Caprifoliaceae
Ludwigia polycarpa,F,Perennial,Non-legume forb,C3,Onagraceae
Lupinus perennis,L,Perennial,Legume,C3,Fabaceae
Lupinus sp.,L,Unknown,Legume,C3,Fabaceae
Lychnis alba,F,Perennial,Non-legume forb,C3,Caryophyllaceae
Lycopodium complanatum,F,Perennial,Non-legume forb,,Lycopodiaceae
Lycopus americana,F,Perennial,Non-legume forb,C3,Lamiaceae
Lycopus sp.,F,Perennial,Non-legume forb,C3,Lamiaceae
Lycopus uniflorus,F,Perennial,Non-legume forb,C3,Lamiaceae
Lysimachia ciliata,F,Perennial,Non-legume forb,C3,Primulaceae
Lysimachia thyrsiflora,F,Perennial,Non-legume forb,C3,Primulaceae
Maianthemum canadense,F,Perennial,Non-legume forb,C3,Lilliaceae
Man made object,NA,NA,NA,NA,NA
Medicago lupulina,L,Annual,Legume,C3,Fabaceae
Medicago sativa,L,Perennial,Legume,C3,Fabaceae
Medicago sp.,L,Unknown,Legume,C3,Fabaceae
Melilotus alba,L,Biennial,Legume,C3,Fabaceae
Melilotus officinalis,L,Biennial,Legume,C3,Fabaceae
Melilotus sp.,L,Biennial,Legume,C3,Fabaceae
Mimulus ringens,F,Perennial,Non-legume forb,C3,Scrophulariaceae
Mirabilis hirsuta,F,Perennial,Non-legume forb,C3,Nyctaginaceae
Mirabilis nyctaginea,F,Perennial,Non-legume forb,C3,Nyctaginaceae
Miscanthus giganteus,C4,Perennial,Grass,C4,Poaceae
Miscellaneous forb,F,Perennial,Non-legume forb,C3,Unknown
Miscellaneous forb 2,F,Perennial,Non-legume forb,C3,Fabaceae
Miscellaneous grasses,G,Unknown,Grass,Unknown,Poaceae
Miscellaneous grasses 2,G,Unknown,Grass,Unknown,Poaceae
Miscellaneous herbs,F,Unknown,Non-legume forb,Unknown,Unknown
Miscellaneous herbs 2,F,Unknown,Non-legume forb,Unknown,Unknown
Miscellaneous legumes,L,Unknown,Legume,C3,Fabaceae
Miscellaneous litter,NA,NA,NA,NA,NA
Miscellaneous rushes,S,Unknown,Sedge,Unknown,Cyperaceae
Miscellaneous sedges,S,Unknown,Sedge,Unknown,Cyperaceae
Miscellaneous sp.,Unknown,Unknown,Unknown,Unknown,Unknown
Miscellaneous woody plants,W,Perennial,Woody,C3,Unknown
Mollugo verticillata,F,Annual,Non-legume forb,C4,Molluginaceae
Monarda fistulosa,F,Perennial,Non-legume forb,C3,Lamiaceae
Monarda punctata,F,Perennial,Non-legume forb,C3,Lamiaceae
Mosses,O,Unknown,Moss & lichens,Unknown,Unknown
Mosses & lichens,O,Unknown,Moss & lichens,Unknown,Unknown
Mosses & lichens 2,O,Unknown,Moss & lichens,Unknown,Unknown
Muhlenbergia racemosa,C4,Perennial,Grass,C4,Poaceae
Native,Unknown,Unknown,Unknown,Unknown,Unknown
Nepeta cataria,F,Perennial,Non-legume forb,C3,Lamiaceae
Non-vascular,Unknown,Unknown,Unknown,Unknown,Unknown
Oenothera biennis,F,Biennial,Non-legume forb,C3,Onagraceae
Oenothera parviflora,F,Biennial,Non-legume forb,C3,Onagraceae
Oenothera rhombipetala,F,Biennial,Non-legume forb,C3,Onagraceae
Oenothera sp.,F,Biennial,Non-legume forb,C3,Onagraceae
Onoclea sensibilis,O,Perennial,Fern,C3,Aspleniaceae
Osmunda cinnamomea,O,Perennial,Fern,C3,Osmundaceae
Osmunda claytonii,O,Perennial,Fern,C3,Osmundaceae
Osmunda regalis,O,Perennial,Fern,C3,Osmundaceae
Oxalis sp.,F,Perennial,Non-legume forb,C3,Oxalidaceae
Oxalis stricta,F,Perennial,Non-legume forb,C3,Oxalidaceae
Oxybaphus hirsutus,F,Perennial,Non-legume forb,C3,Nyctaginaceae
Oxybaphus nyctaginea,F,Perennial,Non-legume forb,C3,Nyctaginaceae
Panicum capillare,C4,Annual,Grass,C4,Poaceae
Panicum lanuginosum,C3,Perennial,Grass,C3,Poaceae
Panicum leibergi,C3,Perennial,Grass,C3,Poaceae
Panicum miliaceum,G,Annual,Grass,Cx,Poaceae
Panicum oligosanthes,C3,Perennial,Grass,C3,Poaceae
Panicum perlongum,C3,Perennial,Grass,C3,Poaceae
Panicum praecocious,C3,Perennial,Grass,C3,Poaceae
Panicum sp.,G,Perennial,Grass,Cx,Poaceae
Panicum virgatum,C4,Perennial,Grass,C4,Poaceae
Parietaria pensylvanica,F,Annual,Non-legume forb,,Urticaceae
Parthenocissus inserta,W,Perennial,Woody,C3,Vitaceae
Parthenocissus quinquefolia,O,Perennial,Vine,,Vitaceae
Parthenocissus sp.,W,Perennial,Woody,C3,Vitaceae
Parthenocissus vitacea,O,Perennial,Vine,,Vitaceae
Paspalum ciliatifolium,C4,Perennial,Grass,C4,Poaceae
Pedicularis canadensis,F,Perennial,Non-legume forb,C3,Scrophulariaceae
Pedicularis sp.,F,Perennial,Non-legume forb,C3,Scrophulariaceae
Penstemon digitalis,F,Perennial,Non-legume forb,C3,Scrophulariaceae
Penstemon gracilis,F,Perennial,Non-legume forb,C3,Scrophulariaceae
Penstemon grandiflorus,F,Perennial,Non-legume forb,C3,Scrophulariaceae
Penstemon sp.,F,Perennial,Non-legume forb,C3,Scrophulariaceae
Penthorum sedoides,F,Perennial,Non-legume forb,C3,Crassulaceae
Perennials,Unknown,Perennial,Unknown,Unknown,Unknown
Permanently unassigned,NA,NA,NA,NA,NA
Petalostemum candidum,L,Perennial,Legume,C3,Fabaceae
Petalostemum purpureum,L,Perennial,Legume,C3,Fabaceae
Petalostemum sp.,L,Perennial,Legume,C3,Fabaceae
Petalostemum villosum,L,Perennial,Legume,C3,Fabaceae
Phalaris arundinacea,C3,Perennial,Grass,C3,Poaceae
Phleum pratense,C3,Perennial,Grass,C3,Poaceae
Phlox paniculata,F,Perennial,Non-legume forb,C3,Polemoniaceae
Phlox pilosa,F,Perennial,Non-legume forb,C3,Polemoniaceae
Phlox sp.,F,Perennial,Non-legume forb,C3,Polemoniaceae
Phryma leptostachya,F,Perennial,Non-legume forb,C3,Phrymaceae
Physalis heterophylla,F,Perennial,Non-legume forb,C3,Solanaceae
Physalis sp.,F,Perennial,Non-legume forb,C3,Solanaceae
Physalis virginiana,F,Perennial,Non-legume forb,C3,Solanaceae
Picea sp.,W,Perennial,Woody,C3,Pinaceae
Pilea pumila,F,Annual,Non-legume forb,C3,Urticaceae
Pine cones,NA,NA,NA,NA,NA
Pine needles,NA,NA,NA,NA,NA
Pinus banksiana,W,Perennial,Woody,C3,Pinaceae
Pinus resinosa,W,Perennial,Woody,C3,Pinaceae
Pinus sp.,W,Perennial,Woody,C3,Pinaceae
Pinus strobus,W,Perennial,Woody,C3,Pinaceae
Plantago (purshii) patagonica,F,Annual,Non-legume forb,C3,Plantaginaceae
Plantago lanceolata,F,Perennial,Non-legume forb,C3,Plantaginaceae
Plantago major,F,Perennial,Non-legume forb,,Plantaginaceae
Poa compressa,C3,Perennial,Grass,C3,Poaceae
Poa palustris,C3,Perennial,Grass,C3,Poaceae
Poa pratensis,C3,Perennial,Grass,C3,Poaceae
Poa sp.,C3,Perennial,Grass,C3,Poaceae
Polygala polygama,F,Biennial,Non-legume forb,C3,Polygalaceae
Polygala sanquinea,F,Annual,Non-legume forb,,Polygalaceae
Polygala sp.,F,Perennial,Non-legume forb,C3,Polygalaceae
Polygonatum biflorum,F,Perennial,Non-legume forb,C3,Lilliaceae
Polygonatum canaliculatum,F,Perennial,Non-legume forb,C3,Lilliaceae
Polygonatum sp.,F,Perennial,Non-legume forb,C3,Lilliaceae
Polygonella articulata,F,Annual,Non-legume forb,C3,Polygonaceae
Polygonum amphibium,F,Perennial,Non-legume forb,C3,Polygonaceae
Polygonum arifolium,F,Annual,Non-legume forb,C3,Polygonaceae
Polygonum cilinode,F,Perennial,Non-legume forb,C3,Polygonaceae
Polygonum convolvulus,F,Annual,Non-legume forb,C3,Polygonaceae
Polygonum hydropiper,F,Annual,Non-legume forb,C3,Polygonaceae
Polygonum lapathafolium,F,Annual,Non-legume forb,C3,Polygonaceae
Polygonum pensylvanicum,F,Annual,Non-legume forb,C3,Polygonaceae
Polygonum persicaria,F,Annual,Non-legume forb,C3,Polygonaceae
Polygonum sagittatum,F,Annual,Non-legume forb,C3,Polygonaceae
Polygonum scandens,F,Annual,Non-legume forb,C3,Polygonaceae
Polygonum sp.,F,Annual,Non-legume forb,C3,Polygonaceae
Polygonum tenue,F,Annual,Non-legume forb,C3,Polygonaceae
Polytricum sp.,O,Unknown,Moss & lichens,C3,Polytrichaceae
Populus balsamifera,W,Perennial,Woody,C3,Salicaceae
Populus deltoides,W,Perennial,Woody,C3,Salicaceae
Populus grandidentata,W,Perennial,Woody,C3,Salicaceae
Populus tremuloides,W,Perennial,Woody,C3,Salicaceae
Portulaca oleracea,F,Annual,Non-legume forb,Cx,Portulacaceae
Potentilla argentea,F,Perennial,Non-legume forb,C3,Rosaceae
Potentilla arguta,F,Perennial,Non-legume forb,C3,Rosaceae
Potentilla norvegica,F,Biennial,Non-legume forb,C3,Rosaceae
Potentilla palustris,F,Perennial,Non-legume forb,C3,Rosaceae
Potentilla recta,F,Perennial,Non-legume forb,C3,Rosaceae
Potentilla simplex,F,Perennial,Non-legume forb,C3,Rosaceae
Potentilla sp.,F,Perennial,Non-legume forb,C3,Rosaceae
Prenanthes alba,F,"Biennial, perennial",Non-legume forb,,Asteraceae
Prenanthes racemosa,F,Perennial,Non-legume forb,C3,Asteraceae
Prunella vulgaris,F,Perennial,Non-legume forb,,Lamiaceae
Prunus americana,W,Perennial,Woody,C3,Rosaceae
Prunus pensylvanica,W,Perennial,Woody,C3,Rosaceae
Prunus pumila,W,Perennial,Woody,C3,Rosaceae
Prunus serotina,W,Perennial,Woody,C3,Rosaceae
Prunus sp.,W,Perennial,Woody,C3,Rosaceae
Prunus virginiana,W,Perennial,Woody,C3,Rosaceae
Pteridium aquilinum,O,Perennial,Fern,C3,Dennstaedtiaceae
Pycnanthemum virginianum,F,Perennial,Non-legume forb,C3,Lamiaceae
Pyrola rotundifolia,F,Perennial,Non-legume forb,C3,Pyrolaceae
Pyrola sp.,F,Perennial,Non-legume forb,C3,Pyrolaceae
Pyrus malus,W,Perennial,Woody,,Rosaceae
Quercus alba,W,Perennial,Woody,C3,Fagaceae
Quercus borealis,W,Perennial,Woody,C3,Fagaceae
Quercus borealis-ellipsoidalis,W,Perennial,Woody,C3,Fagaceae
Quercus elipsoidalis grub,NA,NA,NA,NA,NA
Quercus ellipsoidalis,W,Perennial,Woody,C3,Fagaceae
Quercus macrocarpa,W,Perennial,Woody,C3,Fagaceae
Quercus macrocarpa grub,NA,NA,NA,NA,NA
Quercus sp.,W,Perennial,Woody,C3,Fagaceae
Ranunculus rhomboideus,F,Perennial,Non-legume forb,C3,Ranunculaceae
Ratibida pinnata,F,Perennial,Non-legume forb,C3,Asteraceae
Real Weeds,Unknown,Unknown,Unknown,Unknown,Unknown
Reproductive stem,Unknown,Unknown,Unknown,Unknown,Unknown
Rhamnus cathartica,W,Perennial,Woody,C3,Rhamnaceae
Rhamnus frangula,W,Perennial,Woody,C3,Rhamnaceae
Rhamnus sp.,W,Perennial,Woody,C3,Rhamnaceae
Rhus glabra,W,Perennial,Woody,C3,Anacardiaceae
Rhus radicans,W,Perennial,Woody,C3,Anacardiaceae
Rhus sp.,W,Perennial,Woody,C3,Anacardiaceae
Rhus typhina,W,Perennial,Woody,,Anacardiaceae
Ribes hirtellum,W,Perennial,Woody,C3,Saxifragaceae
Robinia pseudacacia,W,Perennial,Woody,C3,Fabaceae
Roots,NA,NA,NA,NA,NA
Rosa arkansana,W,Perennial,Woody,C3,Rosaceae
Rosa blanda,W,Perennial,Woody,C3,Rosaceae
Rosa carolina,W,Perennial,Woody,,Rosaceae
Rubus alleghaniensis,W,Perennial,woody,,Rosaceae
Rubus canadensis,W,Perennial,woody,,Rosaceae
Rubus flagellaris,W,Perennial,Woody,C3,Rosaceae
Rubus idaeus,W,Perennial,Woody,C3,Rosaceae
Rubus occidentalis,W,Perennial,Woody,C3,Rosaceae
Rubus pubescens,W,Perennial,woody,,Rosaceae
Rubus sp.,W,Perennial,Woody,C3,Rosaceae
Rubus strigosus,W,Perennial,Woody,C3,Rosaceae
Rudbeckia hirta,F,Biennial,Non-legume forb,C4,Asteraceae
Rudbeckia serotina,F,Perennial,Non-legume forb,C3,Asteraceae
Rumex acetosella,F,Perennial,Non-legume forb,C3,Polygonaceae
Rumex mexicanus,F,Perennial,Non-legume forb,C3,Polygonaceae
Rumex orbiculatus,F,Perennial,Non-legume forb,C3,Polygonaceae
Rumex sp.,F,Unknown,Non-legume forb,C3,Polygonaceae
Sagittaria latifolia,F,Perennial,Non-legume forb,C3,Alismataceae
Salix bebbiana,W,Perennial,Woody,C3,Salicaceae
Salix discolor,W,Perennial,Woody,C3,Salicaceae
Salix gracilis,W,Perennial,Woody,C3,Salicaceae
Salix humilis,W,Perennial,Woody,C3,Salicaceae
Salix interior,W,Perennial,Woody,C3,Salicaceae
Salix pedicellaris,W,Perennial,Woody,C3,Salicaceae
Salix pyrifolia,W,Perennial,Woody,C3,Salicaceae
Salix serrisima,W,Perennial,Woody,C3,Salicaceae
Salix sp.,W,Perennial,Woody,C3,Salicaceae
Salsola kali,F,Annual,Non-legume forb,C4,Chenopodiaceae
Saxifraga pensylvanica,F,Perennial,Non-legume forb,C3,Saxifragaceae
Schizachne purpurascens,G,Perennial,Grass,,Poaceae
Schizachyrium scoparium,C4,Perennial,Grass,C4,Poaceae
Scirpus cyperinus,S,Perennial,Sedge,C3,Cyperaceae
Scirpus validus,S,Perennial,Sedge,C3,Cyperaceae
Scleria triglomerata,S,Perennial,Sedge,C4,Cyperaceae
Scutellaria galericulata,F,Perennial,Non-legume forb,C3,Lamiaceae
Scutellaria lateriflora,F,Perennial,Non-legume forb,C3,Lamiaceae
Scutellaria parvula,F,Perennial,Non-legume forb,C3,Lamiaceae
Secale cereale,C3,Annual,Grass,C3,Poaceae
Sedges,S,Unknown,Sedge,Unknown,Cyperaceae
Seed contaminant - forb,F,Unknown,Forb,Unknown,Unknown
Seed contaminant - grass,G,Unknown,Grass,Unknown,Unknown
Seedlings,Unknown,Unknown,Unknown,Unknown,Unknown
Senecio aureus,F,Perennial,Non-legume forb,C3,Asteraceae
Senecio pauperculus,F,Perennial,Non-legume forb,C3,Asteraceae
Senecio sp.,F,Perennial,Non-legume forb,C3,Asteraceae
Setaria italica,C4,Annual,Grass,C4,Poaceae
Setaria lutescens (glauca),C4,Annual,Grass,C4,Poaceae
Setaria sp.,C4,Annual,Grass,C4,Poaceae
Setaria viridis,C4,Annual,Grass,C4,Poaceae
Silene antirrhina,F,Annual,Non-legume forb,C3,Caryophyllaceae
Silene sp.,F,Unknown,Non-legume forb,C3,Caryophyllaceae
Sisymbrium altissimum,F,Biennial,Non-legume forb,C3,Brassicaceae
Sisyrinchium campestre,F,Perennial,Non-legume forb,C3,Iridaceae
Smilacina racemosa,F,Perennial,Non-legume forb,C3,Lilliaceae
Smilacina stellata,F,Perennial,Non-legume forb,C3,Lilliaceae
Smilax herbacea,F,Perennial,Non-legume forb,C3,Lilliaceae
Solanum americanum,F,Annual,Non-legume forb,C3,Solanaceae
Solanum caroliniense,F,Perennial,Non-legume forb,C3,Solanaceae
Solanum dulcamara,F,Annual,Non-legume forb,C3,Solanaceae
Solanum nigrum,F,"Annual, perennial",Non-legume forb,,Solanaceae
Solidago altissima,F,Perennial,Non-legume forb,C3,Asteraceae
Solidago canadensis,F,Perennial,Non-legume forb,C3,Asteraceae
Solidago gigantea,F,Perennial,Non-legume forb,C3,Asteraceae
Solidago graminifolia,F,Perennial,Non-legume forb,C3,Asteraceae
Solidago juncea,F,Perennial,Non-legume forb,,Asteraceae
Solidago missouriensis,F,Perennial,Non-legume forb,C3,Asteraceae
Solidago nemoralis,F,Perennial,Non-legume forb,C3,Asteraceae
Solidago rigida,F,Perennial,Non-legume forb,C3,Asteraceae
Solidago sp.,F,Perennial,Non-legume forb,C3,Asteraceae
Solidago speciosa,F,Perennial,Non-legume forb,C3,Asteraceae
Sonchus arvensis,F,Perennial,Non-legume forb,,Asteraceae
Sorghastrum nutans,C4,Perennial,Grass,C4,Poaceae
Spartina pectinata,C4,Perennial,Grass,C4,Poaceae
Sphagnum sp.,O,Unknown,Moss & lichens,C3,Sphagnaceae
Spiraea alba,W,Perennial,Woody,C3,Rosaceae
Spiraea tomentosa,W,Perennial,Woody,C3,Rosaceae
Sporobolus cryptandrus,C4,Perennial,Grass,C4,Poaceae
Sporobolus heterolepis,C4,Perennial,Grass,C4,Poaceae
Sporobolus sp.,C4,Perennial,Grass,C4,Poaceae
Stachys palustris,F,Perennial,Non-legume forb,C3,Lamiaceae
Stachys sp.,F,Unknown,Non-legume forb,C3,Lamiaceae
Stachys tenuifolia,F,Unknown,Non-legume forb,,Lamiaceae
Stellaria longifolia,F,Perennial,Non-legume forb,C3,Caryophyllaceae
Stellaria media,F,"Annual, perennial",Non-legume forb,C3,Caryophyllaceae
Stems,Unknown,Unknown,Unknown,Unknown,Unknown
Stipa comata,C3,Perennial,Grass,C3,Poaceae
Stipa spartea,C3,Perennial,Grass,C3,Poaceae
Stipa spicata,C3,Perennial,Grass,C3,Poaceae
Streptopus roseus,F,Perennial,Non-legume forb,,Lilliaceae
Strophostyles leiosperma,L,Annual,Legume,C3,Fabaceae
Symphoricarpos occidentalis,W,Perennial,Woody,,Caprifoliaceae
Taraxacum sp.,F,Unknown,Non-legume forb,,Asteraceae
Taraxicum officinalis,F,Perennial,Non-legume forb,C3,Asteraceae
Thalictrum dasycarpum,F,Perennial,Non-legume forb,C3,Ranunculaceae
Thalictrum dioicum,F,Perennial,Non-legume forb,C3,Ranunculaceae
Thelypteris palustris,O,Perennial,Fern,C3,Aspleniaceae
Toothpick (t.p.),NA,NA,NA,NA,NA
Tradescantia bracteata,F,Perennial,Non-legume forb,C3,Commelinaceae
Tradescantia occidentalis,F,Perennial,Non-legume forb,C3,Commelinaceae
Tradescantia sp.,F,Unknown,Non-legume forb,C3,Commelinaceae
Tragopogon dubius (major),F,Biennial,Non-legume forb,C3,Asteraceae
Triadenum fraseri,F,Perennial,Non-legume forb,C3,Clusiaceae
Trientalis borealis,F,Perennial,Non-legume forb,C3,Primulaceae
Trifolium arvense,L,Annual,Legume,C3,Fabaceae
Trifolium hybridum,L,Perennial,Legume,C3,Fabaceae
Trifolium pratense,L,Perennial,Legume,C3,Fabaceae
Trifolium repens,L,Perennial,Legume,C3,Fabaceae
Trifolium sp.,L,Perennial,Legume,C3,Fabaceae
Typha glauca,F,Perennial,Non-legume forb,C3,Typhaceae
Typha latifolia,F,Perennial,Non-legume forb,C3,Typhaceae
Typha sp.,S,Perennial,Sedge,C3,Typhaceae
Ulmus americana,W,Perennial,Woody,C3,Ulmaceae
Ulmus pumila,W,Perennial,Woody,C3,Ulmaceae
Ulmus sp.,W,Perennial,Woody,C3,Ulmaceae
Unsorted biomass,Unknown,Unknown,Unknown,Unknown,Unknown
Urtica dioica,F,Perennial,Non-legume forb,C3,Urticaceae
Urtica gracilis,F,Perennial,Non-legume forb,,Urticaceae
Utricularia sp.,F,Unknown,Non-legume forb,C3,Lentibulariaceae
Uvularia sessifolia,F,Perennial,Non-legume forb,C3,Lilliaceae
Vaccinium angustifolium,W,Perennial,Woody,C3,Ericaceae
Vaccinium myrtilloides,W,Perennial,Woody,C3,Ericaceae
Vaccinium sp.,W,Perennial,Woody,C3,Ericaceae
Verbascum thapsus,F,Biennial,Non-legume forb,C3,Scrophulariaceae
Verbena bracteata,F,Perennial,Non-legume forb,C3,Verbenaceae
Verbena hastata,F,Perennial,Non-legume forb,C3,Verbenaceae
Verbena stricta,F,Perennial,Non-legume forb,C3,Verbenaceae
Vernonia fasciculata,F,Perennial,Non-legume forb,C3,Asteraceae
Veronicastrum virginicum,F,Perennial,Non-legume forb,C3,Verbenaceae
Viburnum lentago,W,Perennial,Woody,C3,Caprifoliaceae
Vicia angustifolia,L,Annual,Legume,C3,Fabaceae
Vicia villosa,L,Annual,Legume,C3,Fabaceae
Viola pallens,F,Perennial,Non-legume forb,C3,Violaceae
Viola palustris,F,Perennial,Non-legume forb,,Violaceae
Viola pedata,F,Perennial,Non-legume forb,C3,Violaceae
Viola pedatifida,F,Perennial,Non-legume forb,C3,Violaceae
Viola sagittata,F,Perennial,Non-legume forb,C3,Violaceae
Viola Selkirkii,F,Perennial,Non-legume forb,,Violaceae
Viola sp.,F,Perennial,Non-legume forb,C3,Violaceae
Vitis riparia,W,Perennial,Woody,C3,Vitaceae
Weeds,Unknown,Unknown,Unknown,Unknown,Unknown
Woody,W,Perennial,Woody,,Unknown
Woody debris,NA,NA,NA,NA,NA
Xyris torta,C3,Perennial,Grass,C3,Poaceae
Zanthoxylum americanum,W,Perennial,Woody,C3,Rutaceae
Zizia aptera,F,Perennial,Non-legume forb,C3,Apiaceae
Zizia aurea,F,Perennial,Non-legume forb,C3,Apiaceae
